No,カテゴリ,スコア難易度,投稿文,正解,解説,返信文,投稿日,投稿時間
1,品詞問題系,700,"英語学習者の9割がここで詰まります。

The evidence strongly _____ that the project should be reconsidered.

(A) suggests
(B) suggest
(C) suggestion
(D) suggestive

答えはリプ👇

#TOEIC #英語学習 #勉強垢",A,主語 The evidence は三人称単数→動詞 suggests が正解。B は複数主語に使う原形。C:名詞 D:形容詞,"正解は(A) suggests！

主語 The evidence は三人称単数→動詞 suggests が正解。B は複数主語に使う原形。C:名詞 D:形容詞

無料相談・無料レッスンはこちら👇
https://the-rep-english.jp",2026/05/22,06:53
2,品詞問題系,700,"シンプルに見えて、実は間違える人が多いやつ。

She handled the difficult client _____ despite having no prior experience.

(A) remark
(B) remarkably
(C) remarkable
(D) remarked

答えはリプ👇

#TOEIC #英語学習 #勉強垢",B,動詞 handled を修飾する副詞 remarkably が正解。A:動詞/名詞 C:形容詞は動詞を修飾できない D:過去分詞,"正解は(B) remarkably！

動詞 handled を修飾する副詞 remarkably が正解。A:動詞/名詞 C:形容詞は動詞を修飾できない D:過去分詞

無料相談・無料レッスンはこちら👇
https://the-rep-english.jp",2026/05/23,07:02
3,品詞問題系,800,"一見簡単。でもほとんどの人が引っかかります。

Management expects all branch offices to remain _____ throughout the audit.

(A) operation
(B) operational
(C) operate
(D) operationally

答えはリプ👇

#TOEIC #英語学習 #勉強垢",B,remain の補語として形容詞 operational（稼働中の）が正解。A:名詞 C:動詞原形 D:副詞は補語不可,"正解は(B) operational！

remain の補語として形容詞 operational（稼働中の）が正解。A:名詞 C:動詞原形 D:副詞は補語不可

無料相談・無料レッスンはこちら👇
https://the-rep-english.jp",2026/05/24,06:57
4,品詞問題系,800,"TOEICer の7割が選ぶ不正解、あなたは？

The contract stipulates that the supplier _____ delivery within 30 days.

(A) guarantee
(B) guarantees
(C) will guarantee
(D) guaranteeing

答えはリプ👇

#TOEIC #英語学習 #勉強垢",A,stipulate that + S + 原形動詞（仮定法現在）→ guarantee が正解。B の三単現 guarantees は最大のひっかけ。TOEIC頻出構文,"正解は(A) guarantee！

stipulate that + S + 原形動詞（仮定法現在）→ guarantee が正解。B の三単現 guarantees は最大のひっかけ。TOEIC頻出構文

無料相談・無料レッスンはこちら👇
https://the-rep-english.jp",2026/05/25,07:08
5,品詞問題系,800,"自信ある人ほど引っかかります。

The _____ in productivity following the software upgrade exceeded expectations.

(A) improves
(B) improved
(C) improvement
(D) improving

答えはリプ👇

#TOEIC #英語学習 #勉強垢",C,冠詞 The の後には名詞が入る。improvement（向上・改善）が正解。A/B:動詞形 D:現在分詞は名詞として機能しない,"正解は(C) improvement！

冠詞 The の後には名詞が入る。improvement（向上・改善）が正解。A/B:動詞形 D:現在分詞は名詞として機能しない

無料相談・無料レッスンはこちら👇
https://the-rep-english.jp",2026/05/26,06:51
6,品詞問題系,700,"一見簡単。でもほとんどの人が引っかかります。

All submitted proposals will be kept _____ until the final decision is made.

(A) confidentiality
(B) confidential
(C) confidently
(D) confide

答えはリプ👇

#TOEIC #英語学習 #勉強垢",B,keep O + 補語 の補語として形容詞 confidential（機密扱いの）が正解。A:名詞 C:副詞 D:動詞,"正解は(B) confidential！

keep O + 補語 の補語として形容詞 confidential（機密扱いの）が正解。A:名詞 C:副詞 D:動詞

無料相談・無料レッスンはこちら👇
https://the-rep-english.jp",2026/05/27,07:05
7,品詞問題系,700,"シンプルに見えて、実は間違える人が多いやつ。

The CEO was reluctant to _____ the merger without consulting the shareholders.

(A) approve
(B) approval
(C) approving
(D) approved

答えはリプ👇

#TOEIC #英語学習 #勉強垢",A,reluctant to の後は動詞原形 approve が正解。B:名詞 C:動名詞は to に続けない D:過去分詞,"正解は(A) approve！

reluctant to の後は動詞原形 approve が正解。B:名詞 C:動名詞は to に続けない D:過去分詞

無料相談・無料レッスンはこちら👇
https://the-rep-english.jp",2026/05/28,06:54
8,品詞問題系,800,"TOEIC700点でも間違える人続出の問題です。

The newly _____ regulations will affect all businesses in the sector.

(A) implement
(B) implements
(C) implemented
(D) implementation

答えはリプ👇

#TOEIC #英語学習 #勉強垢",C,名詞 regulations を前から修飾する形容詞的過去分詞 implemented が正解。A:動詞原形 B:三単現 D:名詞,"正解は(C) implemented！

名詞 regulations を前から修飾する形容詞的過去分詞 implemented が正解。A:動詞原形 B:三単現 D:名詞

無料相談・無料レッスンはこちら👇
https://the-rep-english.jp",2026/05/29,07:00
9,品詞問題系,900,"3秒で答えられたらTOEIC 900点レベルです。

The board insisted that the CFO _____ an independent audit immediately.

(A) conduct
(B) conducts
(C) conducted
(D) conducting

答えはリプ👇

#TOEIC #英語学習 #勉強垢",A,insist that + S + 原形動詞（仮定法現在）→ conduct が正解。B の三単現が最大のひっかけ。TOEIC上級頻出構文,"正解は(A) conduct！

insist that + S + 原形動詞（仮定法現在）→ conduct が正解。B の三単現が最大のひっかけ。TOEIC上級頻出構文

無料相談・無料レッスンはこちら👇
https://the-rep-english.jp",2026/05/30,06:58
10,品詞問題系,700,"これを知らないままだと、TOEIC 700点で伸び止まります。

_____ clients proactively about delays is key to maintaining trust.

(A) Inform
(B) Informing
(C) Informed
(D) Information

答えはリプ👇

#TOEIC #英語学習 #勉強垢",B,文の主語として機能する動名詞 Informing が正解。A:動詞原形は主語不可 C:形容詞 D:名詞は後ろに目的語を取れない,"正解は(B) Informing！

文の主語として機能する動名詞 Informing が正解。A:動詞原形は主語不可 C:形容詞 D:名詞は後ろに目的語を取れない

無料相談・無料レッスンはこちら👇
https://the-rep-english.jp",2026/05/31,07:10
11,品詞問題系,800,"TOEIC800点目指すなら絶対に落とせない一問。

The project manager is responsible for ensuring that deadlines are _____ met.

(A) consistent
(B) consistently
(C) consistency
(D) consists

答えはリプ👇

#TOEIC #英語学習 #勉強垢",B,「一貫して期限が守られる」→ 動詞句 are met を修飾する副詞 consistently が正解。A/C:名詞・形容詞は副詞の代わりにならない,"正解は(B) consistently！

「一貫して期限が守られる」→ 動詞句 are met を修飾する副詞 consistently が正解。A/C:名詞・形容詞は副詞の代わりにならない

無料相談・無料レッスンはこちら👇
https://the-rep-english.jp",2026/06/01,06:52
12,品詞問題系,900,"TOEIC900点でも一瞬止まる問題です。

The merger negotiations remain _____ despite initial optimism from both sides.

(A) uncertainty
(B) uncertainly
(C) uncertain
(D) uncertified

答えはリプ👇

#TOEIC #英語学習 #勉強垢",C,remain の補語として形容詞 uncertain（不確かな）が正解。A:名詞 B:副詞 D:「未認証の」で意味が全く合わない,"正解は(C) uncertain！

remain の補語として形容詞 uncertain（不確かな）が正解。A:名詞 B:副詞 D:「未認証の」で意味が全く合わない

無料相談・無料レッスンはこちら👇
https://the-rep-english.jp",2026/06/02,07:03
13,品詞問題系,700,"本番で必ず出ます。今解いといてください。

The training program is designed to make employees _____ with the new system.

(A) familiarize
(B) familiar
(C) familiarity
(D) familiarizing

答えはリプ👇

#TOEIC #英語学習 #勉強垢",B,make O + 補語 の補語として形容詞 familiar（精通した）が正解。A:動詞原形 C:名詞 D:現在分詞,"正解は(B) familiar！

make O + 補語 の補語として形容詞 familiar（精通した）が正解。A:動詞原形 C:名詞 D:現在分詞

無料相談・無料レッスンはこちら👇
https://the-rep-english.jp",2026/06/03,06:56
14,品詞問題系,900,"即答できたらTOEIC 900点の実力があります。

It is essential that every team member _____ the confidentiality agreement.

(A) signs
(B) sign
(C) signed
(D) signing

答えはリプ👇

#TOEIC #英語学習 #勉強垢",B,it is essential that + S + 原形動詞（仮定法現在）→ sign が正解。A の三単現が最大のひっかけ。TOEIC最頻出構文の一つ,"正解は(B) sign！

it is essential that + S + 原形動詞（仮定法現在）→ sign が正解。A の三単現が最大のひっかけ。TOEIC最頻出構文の一つ

無料相談・無料レッスンはこちら👇
https://the-rep-english.jp",2026/06/04,07:07
15,品詞問題系,700,"これ、ぱっと見より難しいです。

The consultant's _____ on cost reduction proved invaluable to the company.

(A) advise
(B) advisory
(C) advice
(D) advisable

答えはリプ👇

#TOEIC #英語学習 #勉強垢",C,所有格の後には名詞が入る。advice（助言）が正解。A:動詞 B:形容詞（諮問的な）D:形容詞（望ましい）,"正解は(C) advice！

所有格の後には名詞が入る。advice（助言）が正解。A:動詞 B:形容詞（諮問的な）D:形容詞（望ましい）

無料相談・無料レッスンはこちら👇
https://the-rep-english.jp",2026/06/05,06:50
16,語彙問題系,700,"これ解けないとTOEIC800超えは厳しいです。

The new safety protocols were put in place to _____ potential risks at the facility.

(A) reduce
(B) mitigate
(C) avoid
(D) prevent

答えはリプ👇

#TOEIC #英語学習 #勉強垢",B,「リスクを軽減する」= mitigate。reduce は削減。avoid/prevent は回避・防止で「軽減」とは異なるニュアンス,"正解は(B) mitigate！

「リスクを軽減する」= mitigate。reduce は削減。avoid/prevent は回避・防止で「軽減」とは異なるニュアンス

無料相談・無料レッスンはこちら👇
https://the-rep-english.jp",2026/06/06,07:04
17,語彙問題系,800,"TOEIC700点でも間違える人続出の問題です。

The quarterly report _____ the company's financial performance in detail.

(A) outlines
(B) underlines
(C) headlines
(D) sidelines

答えはリプ👇

#TOEIC #英語学習 #勉強垢",A,「概要を述べる」= outline。underline は強調する。headline/sideline は動詞としてこの文脈で使わない,"正解は(A) outlines！

「概要を述べる」= outline。underline は強調する。headline/sideline は動詞としてこの文脈で使わない

無料相談・無料レッスンはこちら👇
https://the-rep-english.jp",2026/06/07,06:55
18,語彙問題系,700,"シンプルに見えて、実は間違える人が多いやつ。

Before signing the contract, please read all the terms and _____ carefully.

(A) conditions
(B) requirements
(C) obligations
(D) circumstances

答えはリプ👇

#TOEIC #英語学習 #勉強垢",A,「条件」= terms and conditions は英語の固定表現。requirements/obligations/circumstances では成立しない,"正解は(A) conditions！

「条件」= terms and conditions は英語の固定表現。requirements/obligations/circumstances では成立しない

無料相談・無料レッスンはこちら👇
https://the-rep-english.jp",2026/06/08,07:01
19,語彙問題系,800,"自信ある人ほど引っかかります。

The announcement of the new benefits package was warmly _____ by all staff members.

(A) welcomed
(B) accepted
(C) received
(D) approved

答えはリプ👇

#TOEIC #英語学習 #勉強垢",A,「温かく迎えられた」= warmly welcomed が最も自然なコロケーション。warmly accepted/received/approved は不自然,"正解は(A) welcomed！

「温かく迎えられた」= warmly welcomed が最も自然なコロケーション。warmly accepted/received/approved は不自然

無料相談・無料レッスンはこちら👇
https://the-rep-english.jp",2026/06/09,06:59
20,語彙問題系,800,"TOEICer の7割が選ぶ不正解、あなたは？

The company is looking to _____ its market share by entering new regions.

(A) expand
(B) extend
(C) increase
(D) enlarge

答えはリプ👇

#TOEIC #英語学習 #勉強垢",A,「市場シェアを拡大する」= expand market share が正しいコロケーション。extend は期間・期限向き。increase/enlarge も意味は近いが expand が圧倒的標準,"正解は(A) expand！

「市場シェアを拡大する」= expand market share が正しいコロケーション。extend は期間・期限向き。increase/enlarge も意味は近いが expand が圧倒的標準

無料相談・無料レッスンはこちら👇
https://the-rep-english.jp",2026/06/10,07:09
21,語彙問題系,900,"これ無理ゲーじゃないですか？

The sudden resignation of the CFO has _____ investors' confidence in the company.

(A) undermined
(B) underestimated
(C) underlined
(D) undertaken

答えはリプ👇

#TOEIC #英語学習 #勉強垢",A,「信頼を損なう」= undermine confidence が正しいコロケーション。underestimate は過小評価 underline は強調 undertake は着手する,"正解は(A) undermined！

「信頼を損なう」= undermine confidence が正しいコロケーション。underestimate は過小評価 underline は強調 undertake は着手する

無料相談・無料レッスンはこちら👇
https://the-rep-english.jp",2026/06/11,06:53
22,語彙問題系,700,"英語学習者の9割がここで詰まります。

We regret to inform you that your application has been _____ at this time.

(A) declined
(B) rejected
(C) refused
(D) denied

答えはリプ👇

#TOEIC #英語学習 #勉強垢",A,ビジネスメールの丁寧な不採用通知には declined が最もフォーマル。rejected は否定的・直接的。refused/denied は要求・権利の拒否向き,"正解は(A) declined！

ビジネスメールの丁寧な不採用通知には declined が最もフォーマル。rejected は否定的・直接的。refused/denied は要求・権利の拒否向き

無料相談・無料レッスンはこちら👇
https://the-rep-english.jp",2026/06/12,07:06
23,語彙問題系,700,"本当にTOEIC勉強してますか？確認します。

The company's new policy is fully _____ with international labor standards.

(A) consistent
(B) compatible
(C) compliant
(D) correspondent

答えはリプ👇

#TOEIC #英語学習 #勉強垢",C,「法律・規制に準拠している」= compliant with。compatible は機器の互換性。consistent with は内容の一致（微妙に異なる）,"正解は(C) compliant！

「法律・規制に準拠している」= compliant with。compatible は機器の互換性。consistent with は内容の一致（微妙に異なる）

無料相談・無料レッスンはこちら👇
https://the-rep-english.jp",2026/06/13,06:51
24,語彙問題系,800,"TOEIC800点目指すなら絶対に落とせない一問。

The two companies _____ a joint venture to develop new technology.

(A) entered into
(B) made into
(C) took into
(D) set into

答えはリプ👇

#TOEIC #英語学習 #勉強垢",A,「（契約・合意に）入る」= enter into が正しいコロケーション。enter into an agreement / a joint venture はTOEIC頻出表現,"正解は(A) entered into！

「（契約・合意に）入る」= enter into が正しいコロケーション。enter into an agreement / a joint venture はTOEIC頻出表現

無料相談・無料レッスンはこちら👇
https://the-rep-english.jp",2026/06/14,07:02
25,語彙問題系,900,"TOEIC900点でも一瞬止まる問題です。

The new policy will _____ to those employees who joined before the cutoff date.

(A) pertain
(B) relate
(C) apply
(D) concern

答えはリプ👇

#TOEIC #英語学習 #勉強垢",C,「（規則・政策が）適用される」= apply to。pertain to は「関連する」で「適用」ではない。concern は他動詞（to が不要）,"正解は(C) apply！

「（規則・政策が）適用される」= apply to。pertain to は「関連する」で「適用」ではない。concern は他動詞（to が不要）

無料相談・無料レッスンはこちら👇
https://the-rep-english.jp",2026/06/15,06:57
26,語彙問題系,700,"一見簡単。でもほとんどの人が引っかかります。

The president's speech was intended to _____ employee morale after the difficult quarter.

(A) boost
(B) raise
(C) lift
(D) increase

答えはリプ👇

#TOEIC #英語学習 #勉強垢",A,「士気を高める」= boost morale が正しいコロケーション。raise/increase は数値向き。lift morale も使えるが boost が最頻出,"正解は(A) boost！

「士気を高める」= boost morale が正しいコロケーション。raise/increase は数値向き。lift morale も使えるが boost が最頻出

無料相談・無料レッスンはこちら👇
https://the-rep-english.jp",2026/06/16,07:08
27,語彙問題系,800,"TOEIC本番でも出題されるレベルです。

Despite the setbacks, the team _____ to deliver the project on time.

(A) achieved
(B) succeeded
(C) managed
(D) accomplished

答えはリプ👇

#TOEIC #英語学習 #勉強垢",C,「なんとか〜することができた」= managed to（+ 動詞原形）。succeeded in + 動名詞と区別。achieved/accomplished は名詞目的語をとる,"正解は(C) managed！

「なんとか〜することができた」= managed to（+ 動詞原形）。succeeded in + 動名詞と区別。achieved/accomplished は名詞目的語をとる

無料相談・無料レッスンはこちら👇
https://the-rep-english.jp",2026/06/17,06:54
28,語彙問題系,700,"即答できたらTOEIC 700点レベルは確実です。

The audit revealed several _____ in the company's financial records.

(A) discrepancies
(B) differences
(C) distinctions
(D) diversities

答えはリプ👇

#TOEIC #英語学習 #勉強垢",A,「帳簿の不一致・矛盾」= discrepancy（複数形 discrepancies）。difference は一般的な違い。distinction は区別。diversity は多様性,"正解は(A) discrepancies！

「帳簿の不一致・矛盾」= discrepancy（複数形 discrepancies）。difference は一般的な違い。distinction は区別。diversity は多様性

無料相談・無料レッスンはこちら👇
https://the-rep-english.jp",2026/06/18,07:00
29,語彙問題系,800,"本番で必ず出ます。今解いといてください。

The new CEO has been tasked with _____ the company's global expansion strategy.

(A) overseeing
(B) overlooking
(C) overcoming
(D) overruling

答えはリプ👇

#TOEIC #英語学習 #勉強垢",A,「監督・管理する」= oversee。overlooking は「見落とす・見渡す」（別の意味）。overcoming は克服 overruling は却下,"正解は(A) overseeing！

「監督・管理する」= oversee。overlooking は「見落とす・見渡す」（別の意味）。overcoming は克服 overruling は却下

無料相談・無料レッスンはこちら👇
https://the-rep-english.jp",2026/06/19,06:58
30,語彙問題系,800,"これを知らないままだと、TOEIC 800点で伸び止まります。

The contract will be _____ automatically unless either party gives notice.

(A) renewed
(B) prolonged
(C) extended
(D) maintained

答えはリプ👇

#TOEIC #英語学習 #勉強垢",A,「自動更新される」= renewed automatically が契約書の標準表現。prolonged/extended は「延長」で意味は近いが renewed が最も正確,"正解は(A) renewed！

「自動更新される」= renewed automatically が契約書の標準表現。prolonged/extended は「延長」で意味は近いが renewed が最も正確

無料相談・無料レッスンはこちら👇
https://the-rep-english.jp",2026/06/20,07:05
31,前置詞・接続詞系,700,"これ解けないとTOEIC800超えは厳しいです。

The proposal was put forward _____ behalf of the entire research team.

(A) in
(B) on
(C) for
(D) by

答えはリプ👇

#TOEIC #英語学習 #勉強垢",B,「〜を代表して」= on behalf of。固定表現として必ず on を使う。in/for/by behalf of は存在しない,"正解は(B) on！

「〜を代表して」= on behalf of。固定表現として必ず on を使う。in/for/by behalf of は存在しない

無料相談・無料レッスンはこちら👇
https://the-rep-english.jp",2026/06/21,06:52
32,前置詞・接続詞系,700,"シンプルに見えて、実は間違える人が多いやつ。

The final report must be submitted no later _____ this Friday.

(A) than
(B) as
(C) like
(D) from

答えはリプ👇

#TOEIC #英語学習 #勉強垢",A,「遅くとも〜までに」= no later than。固定表現。by no later than という形でも使われる。as/like/from は不可,"正解は(A) than！

「遅くとも〜までに」= no later than。固定表現。by no later than という形でも使われる。as/like/from は不可

無料相談・無料レッスンはこちら👇
https://the-rep-english.jp",2026/06/22,07:03
33,前置詞・接続詞系,800,"TOEIC700点でも間違える人続出の問題です。

_____ all the evidence available, the committee reached a unanimous decision.

(A) Given
(B) Despite
(C) Though
(D) Whereas

答えはリプ👇

#TOEIC #英語学習 #勉強垢",A,「〜を考慮すると」= Given（名詞句・節を導く前置詞的用法）。Despite は逆接。Though/Whereas は接続詞で節に続く,"正解は(A) Given！

「〜を考慮すると」= Given（名詞句・節を導く前置詞的用法）。Despite は逆接。Though/Whereas は接続詞で節に続く

無料相談・無料レッスンはこちら👇
https://the-rep-english.jp",2026/06/23,06:56
34,前置詞・接続詞系,700,"一見簡単。でもほとんどの人が引っかかります。

The factory will remain closed _____ the maintenance work is completed.

(A) during
(B) while
(C) until
(D) when

答えはリプ👇

#TOEIC #英語学習 #勉強垢",C,「完了するまで（閉鎖し続ける）」= until。while は同時進行。during は特定期間中（前置詞）。when は時点,"正解は(C) until！

「完了するまで（閉鎖し続ける）」= until。while は同時進行。during は特定期間中（前置詞）。when は時点

無料相談・無料レッスンはこちら👇
https://the-rep-english.jp",2026/06/24,07:07
35,前置詞・接続詞系,800,"自信ある人ほど引っかかります。

The seminar will proceed _____ the keynote speaker's unexpected cancellation.

(A) regardless of
(B) in spite
(C) although
(D) because of

答えはリプ👇

#TOEIC #英語学習 #勉強垢",A,「〜にかかわらず」= regardless of（名詞句前置）。in spite は後に of が必要。although は接続詞で節に続く,"正解は(A) regardless of！

「〜にかかわらず」= regardless of（名詞句前置）。in spite は後に of が必要。although は接続詞で節に続く

無料相談・無料レッスンはこちら👇
https://the-rep-english.jp",2026/06/25,06:50
36,前置詞・接続詞系,700,"本当にTOEIC勉強してますか？確認します。

The decline in sales is largely _____ increased competition from overseas markets.

(A) because
(B) owing to
(C) resulting
(D) since

答えはリプ👇

#TOEIC #英語学習 #勉強垢",B,名詞句の前に置ける原因表現 owing to が正解。because/since は節（主語＋動詞）に続く接続詞。resulting は resulting from の形が必要,"正解は(B) owing to！

名詞句の前に置ける原因表現 owing to が正解。because/since は節（主語＋動詞）に続く接続詞。resulting は resulting from の形が必要

無料相談・無料レッスンはこちら👇
https://the-rep-english.jp",2026/06/26,07:04
37,前置詞・接続詞系,700,"英語学習者の9割がここで詰まります。

The new agreement is _____ effect as of the first of next month.

(A) on
(B) in
(C) into
(D) to

答えはリプ👇

#TOEIC #英語学習 #勉強垢",B,「有効である・効力がある」= in effect。come into effect（効力を発する）と混同しやすいが be動詞と組み合わせるのは in,"正解は(B) in！

「有効である・効力がある」= in effect。come into effect（効力を発する）と混同しやすいが be動詞と組み合わせるのは in

無料相談・無料レッスンはこちら👇
https://the-rep-english.jp",2026/06/27,06:55
38,前置詞・接続詞系,900,"これ無理ゲーじゃないですか？

_____ the contract stipulates, all deliverables must be reviewed before shipment.

(A) As
(B) Like
(C) Such as
(D) Just as

答えはリプ👇

#TOEIC #英語学習 #勉強垢",A,「〜が規定するとおり」= As the contract stipulates。Like は口語・文法的に弱い。Such as は例示。Just as は同時性を示す,"正解は(A) As！

「〜が規定するとおり」= As the contract stipulates。Like は口語・文法的に弱い。Such as は例示。Just as は同時性を示す

無料相談・無料レッスンはこちら👇
https://the-rep-english.jp",2026/06/28,07:01
39,前置詞・接続詞系,700,"TOEIC800点目指すなら絶対に落とせない一問。

The new procedure is _____ line with international safety standards.

(A) at
(B) on
(C) in
(D) by

答えはリプ👇

#TOEIC #英語学習 #勉強垢",C,「〜に沿って・一致して」= in line with。固定表現。at/on/by line with はすべて不可,"正解は(C) in！

「〜に沿って・一致して」= in line with。固定表現。at/on/by line with はすべて不可

無料相談・無料レッスンはこちら👇
https://the-rep-english.jp",2026/06/29,06:59
40,前置詞・接続詞系,800,"これ、ぱっと見より難しいです。

The board approved the merger plan, _____ it still required regulatory clearance.

(A) though
(B) however
(C) despite
(D) yet

答えはリプ👇

#TOEIC #英語学習 #勉強垢",A,節（it still required...）に続く逆接接続詞 though が正解。however は副詞（文の先頭や中間に置く）。despite は名詞句に続く,"正解は(A) though！

節（it still required...）に続く逆接接続詞 though が正解。however は副詞（文の先頭や中間に置く）。despite は名詞句に続く

無料相談・無料レッスンはこちら👇
https://the-rep-english.jp",2026/06/30,07:09
41,イディオム・コロケーション系,700,"TOEICer の7割が選ぶ不正解、あなたは？

The marketing team needs to _____ a new approach for the upcoming campaign.

(A) come up with
(B) come up to
(C) come in with
(D) come down with

答えはリプ👇

#TOEIC #英語学習 #勉強垢",A,「（アイデアを）思いつく」= come up with。come up to は「（基準に）達する」。come down with は「病気にかかる」,"正解は(A) come up with！

「（アイデアを）思いつく」= come up with。come up to は「（基準に）達する」。come down with は「病気にかかる」

無料相談・無料レッスンはこちら👇
https://the-rep-english.jp",2026/07/01,06:53
42,イディオム・コロケーション系,800,"TOEIC本番でも出題されるレベルです。

After months of negotiation, both parties _____ a final settlement.

(A) reached
(B) arrived
(C) came
(D) got

答えはリプ👇

#TOEIC #英語学習 #勉強垢",A,「（合意・和解に）達する」= reached a settlement が正しいコロケーション。arrived at/came to も可だが選択肢の単体では不成立,"正解は(A) reached！

「（合意・和解に）達する」= reached a settlement が正しいコロケーション。arrived at/came to も可だが選択肢の単体では不成立

無料相談・無料レッスンはこちら👇
https://the-rep-english.jp",2026/07/02,07:06
43,イディオム・コロケーション系,700,"3秒で解けたらTOEIC 700点超え確実です。

The company decided to _____ its losses and withdraw from the market.

(A) cut
(B) minimize
(C) reduce
(D) limit

答えはリプ👇

#TOEIC #英語学習 #勉強垢",A,「損切りして撤退する」= cut one's losses。固定イディオム。minimize/reduce/limit losses は意味は近いが固定表現はcut,"正解は(A) cut！

「損切りして撤退する」= cut one's losses。固定イディオム。minimize/reduce/limit losses は意味は近いが固定表現はcut

無料相談・無料レッスンはこちら👇
https://the-rep-english.jp",2026/07/03,06:51
44,イディオム・コロケーション系,800,"3秒で答えられたらTOEIC 800点レベルです。

The negotiations were _____ when both sides refused to compromise.

(A) called off
(B) put off
(C) held off
(D) set off

答えはリプ👇

#TOEIC #英語学習 #勉強垢",A,「（交渉が）中止された」= called off。put off は延期。hold off は保留・待機。set off は出発する・引き起こす,"正解は(A) called off！

「（交渉が）中止された」= called off。put off は延期。hold off は保留・待機。set off は出発する・引き起こす

無料相談・無料レッスンはこちら👇
https://the-rep-english.jp",2026/07/04,07:02
45,イディオム・コロケーション系,800,"これ解けないとTOEIC800超えは厳しいです。

The manager _____ the team for completing the project ahead of schedule.

(A) praised
(B) commended
(C) complimented
(D) congratulated

答えはリプ👇

#TOEIC #英語学習 #勉強垢",B,「公式に称賛・推奨する」= commend（書面・フォーマルな場面）。praise は一般的な褒め言葉。compliment はお世辞的。congratulate は達成のお祝い,"正解は(B) commended！

「公式に称賛・推奨する」= commend（書面・フォーマルな場面）。praise は一般的な褒め言葉。compliment はお世辞的。congratulate は達成のお祝い

無料相談・無料レッスンはこちら👇
https://the-rep-english.jp",2026/07/05,06:57
46,イディオム・コロケーション系,700,"本番で必ず出ます。今解いといてください。

The company is _____ its expansion into Southeast Asian markets.

(A) taking on
(B) pressing ahead with
(C) bringing about
(D) putting forward

答えはリプ👇

#TOEIC #英語学習 #勉強垢",B,「（困難があっても計画を）推進し続ける」= pressing ahead with。taking on は引き受ける。bringing about は引き起こす。putting forward は提案する,"正解は(B) pressing ahead with！

「（困難があっても計画を）推進し続ける」= pressing ahead with。taking on は引き受ける。bringing about は引き起こす。putting forward は提案する

無料相談・無料レッスンはこちら👇
https://the-rep-english.jp",2026/07/06,07:08
47,イディオム・コロケーション系,900,"TOEIC900点でも一瞬止まる問題です。

The new regulation _____ effect on the first of January.

(A) came into
(B) went into
(C) took into
(D) put into

答えはリプ👇

#TOEIC #英語学習 #勉強垢",A,「効力を発した」= came into effect。固定表現。went into effect も使われるが came into effect が最も標準的なTOEIC回答,"正解は(A) came into！

「効力を発した」= came into effect。固定表現。went into effect も使われるが came into effect が最も標準的なTOEIC回答

無料相談・無料レッスンはこちら👇
https://the-rep-english.jp",2026/07/07,06:54
48,イディオム・コロケーション系,800,"TOEIC700点でも間違える人続出の問題です。

The legal team advised the board to _____ the proposed acquisition more carefully.

(A) look into
(B) look over
(C) look after
(D) look up

答えはリプ👇

#TOEIC #英語学習 #勉強垢",A,「詳しく調査する」= look into。look over は大まかに見直す。look after は世話をする。look up は辞書で調べる・上を向く,"正解は(A) look into！

「詳しく調査する」= look into。look over は大まかに見直す。look after は世話をする。look up は辞書で調べる・上を向く

無料相談・無料レッスンはこちら👇
https://the-rep-english.jp",2026/07/08,07:00
49,イディオム・コロケーション系,700,"一見簡単。でもほとんどの人が引っかかります。

We need to _____ on this opportunity before our competitors do.

(A) capitalize
(B) cash
(C) seize
(D) act

答えはリプ👇

#TOEIC #英語学習 #勉強垢",A,「〜を活用する」= capitalize on。capitalize は必ず on を伴う。cash は cash in on の形が必要。seize/act に on は自然に続かない,"正解は(A) capitalize！

「〜を活用する」= capitalize on。capitalize は必ず on を伴う。cash は cash in on の形が必要。seize/act に on は自然に続かない

無料相談・無料レッスンはこちら👇
https://the-rep-english.jp",2026/07/09,06:58
50,イディオム・コロケーション系,700,"知らないとTOEIC 700点から先に進めません。

Before leaving the podium, the chairperson _____ the floor to the next speaker.

(A) gave
(B) handed
(C) passed
(D) transferred

答えはリプ👇

#TOEIC #英語学習 #勉強垢",A,「発言権を渡す」= give the floor to。固定表現。handed/passed/transferred the floor to は不自然な組み合わせ,"正解は(A) gave！

「発言権を渡す」= give the floor to。固定表現。handed/passed/transferred the floor to は不自然な組み合わせ

無料相談・無料レッスンはこちら👇
https://the-rep-english.jp",2026/07/10,07:05
51,文法総合系,700,"本当にTOEIC勉強してますか？確認します。

The conference room _____ we held last year's meeting is being renovated.

(A) which
(B) where
(C) that
(D) whose

答えはリプ👇

#TOEIC #英語学習 #勉強垢",B,場所を表す先行詞 conference room に続く関係副詞 where が正解。which/that は関係代名詞で、このままでは動詞の目的語・主語が欠けてしまう,"正解は(B) where！

場所を表す先行詞 conference room に続く関係副詞 where が正解。which/that は関係代名詞で、このままでは動詞の目的語・主語が欠けてしまう

無料相談・無料レッスンはこちら👇
https://the-rep-english.jp",2026/07/11,06:52
52,文法総合系,800,"これ、ぱっと見より難しいです。

Had the manager been informed earlier, she _____ the situation differently.

(A) handled
(B) would handle
(C) would have handled
(D) had handled

答えはリプ👇

#TOEIC #英語学習 #勉強垢",C,仮定法過去完了の倒置（Had S pp...）→ 帰結節は would have + pp → would have handled が正解,"正解は(C) would have handled！

仮定法過去完了の倒置（Had S pp...）→ 帰結節は would have + pp → would have handled が正解

無料相談・無料レッスンはこちら👇
https://the-rep-english.jp",2026/07/12,07:03
53,文法総合系,700,"TOEICer の7割が選ぶ不正解、あなたは？

The survey results indicate that customer satisfaction _____ since last year.

(A) improves
(B) improved
(C) has improved
(D) had improved

答えはリプ👇

#TOEIC #英語学習 #勉強垢",C,since last year と共に使うのは現在完了形。has improved が正解。had improved は過去完了で since とは通常使わない,"正解は(C) has improved！

since last year と共に使うのは現在完了形。has improved が正解。had improved は過去完了で since とは通常使わない

無料相談・無料レッスンはこちら👇
https://the-rep-english.jp",2026/07/13,06:56
54,文法総合系,900,"3秒で答えられたらTOEIC 900点レベルです。

The scientists, _____ had been working tirelessly for months, celebrated the breakthrough.

(A) which
(B) who
(C) that
(D) whose

答えはリプ👇

#TOEIC #英語学習 #勉強垢",B,先行詞が人（scientists）で非制限用法（コンマあり）→ who が正解。which は物・概念。that は非制限用法では使えない,"正解は(B) who！

先行詞が人（scientists）で非制限用法（コンマあり）→ who が正解。which は物・概念。that は非制限用法では使えない

無料相談・無料レッスンはこちら👇
https://the-rep-english.jp",2026/07/14,07:07
55,文法総合系,800,"自信ある人ほど引っかかります。

Only after the audit was complete _____ management realize the extent of the problem.

(A) did
(B) had
(C) does
(D) was

答えはリプ👇

#TOEIC #英語学習 #勉強垢",A,Only after...の倒置構文 → Only after + 節, did + S + V の形が正解。過去の出来事なので did management realize,"正解は(A) did！

Only after...の倒置構文 → Only after + 節, did + S + V の形が正解。過去の出来事なので did management realize

無料相談・無料レッスンはこちら👇
https://the-rep-english.jp",2026/07/15,06:50
56,文法総合系,700,"シンプルに見えて、実は間違える人が多いやつ。

The new branch is expected _____ operations by the end of the quarter.

(A) beginning
(B) to begin
(C) having begun
(D) begun

答えはリプ👇

#TOEIC #英語学習 #勉強垢",B,be expected to + 動詞原形 → to begin が正解。A:動名詞 C:完了分詞 D:過去分詞は不可,"正解は(B) to begin！

be expected to + 動詞原形 → to begin が正解。A:動名詞 C:完了分詞 D:過去分詞は不可

無料相談・無料レッスンはこちら👇
https://the-rep-english.jp",2026/07/16,07:04
57,文法総合系,900,"これ無理ゲーじゃないですか？

The company would have met its targets _____ the economic downturn not occurred.

(A) if
(B) had
(C) should
(D) were

答えはリプ👇

#TOEIC #英語学習 #勉強垢",B,仮定法過去完了の倒置：had the downturn not occurred = if the downturn had not occurred。倒置では if を使わず had を先頭に置く,"正解は(B) had！

仮定法過去完了の倒置：had the downturn not occurred = if the downturn had not occurred。倒置では if を使わず had を先頭に置く

無料相談・無料レッスンはこちら👇
https://the-rep-english.jp",2026/07/17,06:55
58,文法総合系,700,"英語学習者の9割がここで詰まります。

Everyone _____ attended the seminar received a certificate of completion.

(A) which
(B) who
(C) whom
(D) whose

答えはリプ👇

#TOEIC #英語学習 #勉強垢",B,Everyone は人を指すため関係代名詞 who が正解。which は物・概念。whom は目的格（後に動詞が続く場合は主格 who）,"正解は(B) who！

Everyone は人を指すため関係代名詞 who が正解。which は物・概念。whom は目的格（後に動詞が続く場合は主格 who）

無料相談・無料レッスンはこちら👇
https://the-rep-english.jp",2026/07/18,07:01
59,文法総合系,800,"即答できたらTOEIC 800点レベルは確実です。

_____ the product launch was delayed, the marketing team had to revise their entire schedule.

(A) Having
(B) Because of
(C) Given that
(D) Despite

答えはリプ👇

#TOEIC #英語学習 #勉強垢",C,「〜であることを考えると」= Given that（節を導く）。Because of は名詞句のみ。Having は主語が不明確になる。Despite は逆接,"正解は(C) Given that！

「〜であることを考えると」= Given that（節を導く）。Because of は名詞句のみ。Having は主語が不明確になる。Despite は逆接

無料相談・無料レッスンはこちら👇
https://the-rep-english.jp",2026/07/19,06:59
60,文法総合系,900,"即答できたらTOEIC 900点確定です。

It was not until the revised proposal was submitted _____ the client finally approved the project.

(A) when
(B) which
(C) that
(D) then

答えはリプ👇

#TOEIC #英語学習 #勉強垢",C,強調構文「It was not until...that...」= 〜してはじめて…した。that が必須。when/which/then は使えない。TOEIC頻出構文,"正解は(C) that！

強調構文「It was not until...that...」= 〜してはじめて…した。that が必須。when/which/then は使えない。TOEIC頻出構文

無料相談・無料レッスンはこちら👇
https://the-rep-english.jp",2026/07/20,07:09
