No,カテゴリ,投稿文,投稿日,投稿時間
1,習慣形成系,"TOEICは才能じゃない。
「毎日英語を見る習慣」だけで変わる。

1日30分でも、3ヶ月で別人レベルになれる。
まず1週間、続けてみてください。

→ 無料相談はこちら https://the-rep-english.jp

#TOEIC #英語学習 #英語勉強中",2026/05/27,07:00
2,時間活用系,"「忙しくて勉強できない」

それ、本当ですか？

通勤15分＋昼休み10分＝毎日25分。
30日で750分、12時間以上の学習量になります。

→ 無料体験レッスンはこちら https://the-rep-english.jp

#TOEIC #英語学習 #勉強垢と繋がりたい",2026/05/28,07:00
3,メンタル系,"伸び悩んでいるなら、
勉強量より「勉強の質」を疑ってみてください。

正しい方法で続ければ、必ずスコアは動きます。
諦めるのは、その後でも遅くない。

→ 勉強法の無料相談はこちら https://the-rep-english.jp

#TOEIC #英語学習 #英語好きと繋がりたい",2026/05/29,07:00
4,継続系,"3日坊主を卒業する方法は一つ。
「やる気が出たらやる」をやめること。

やる気は後からついてくる。
まず机に座る、アプリを開く。それだけでいい。

→ 学習相談はこちら https://the-rep-english.jp

#TOEIC #英語学習 #資格勉強",2026/05/30,07:00
5,自己投資系,"TOEIC 730点と650点では、
就職・転職市場での評価がまるで違います。

80点の差が、キャリアの分岐点になることがある。
今の努力は、未来への投資です。

→ 無料相談はこちら https://the-rep-english.jp

#TOEIC #英語学習 #社会人英語",2026/05/31,07:00
6,習慣形成系,"「毎朝7時に英語アプリを開く」

これだけでいい。

難しく考えなくていい。
行動が先で、習慣は後からついてくる。

→ 無料体験レッスンはこちら https://the-rep-english.jp

#TOEIC #英語学習 #英語勉強中",2026/06/01,07:00
7,成長実感系,"3ヶ月前に解けなかった問題が
今日は解けた。

その感覚が、英語を続ける一番の原動力です。
小さな成功体験を積み重ねてください。

→ 勉強法の無料相談はこちら https://the-rep-english.jp

#TOEIC #英語学習 #勉強垢と繋がりたい",2026/06/02,07:00
8,メンタル系,"「英語が得意じゃないから無理」

そんなことはありません。

TOEICは対策の技術があれば点が取れる試験です。
才能より、正しい方法とコツコツ力です。

→ 学習相談はこちら https://the-rep-english.jp

#TOEIC #英語学習 #英語好きと繋がりたい",2026/06/03,07:00
9,継続系,"週末2時間より、毎日30分の方が強い。

記憶は「頻度」で定着するから。

まとめてやるより、毎日少しずつの方が
脳に刻まれやすい。

→ 無料相談はこちら https://the-rep-english.jp

#TOEIC #英語学習 #資格勉強",2026/06/04,07:00
10,仕事×英語系,"TOEICのスコアが上がると、
英語を「恐れる気持ち」が薄れていきます。

ビジネスメールも会議も、
少しずつ怖くなくなる。その感覚が嬉しい。

→ 無料体験レッスンはこちら https://the-rep-english.jp

#TOEIC #英語学習 #社会人英語",2026/06/05,07:00
11,習慣形成系,"英語の勉強を「特別なこと」にしない。

歯磨きや食事と同じ、
「当たり前のルーティン」に組み込む。
そうなれば続けることが苦じゃなくなります。

→ 勉強法の無料相談はこちら https://the-rep-english.jp

#TOEIC #英語学習 #英語勉強中",2026/06/06,07:00
12,メンタル系,"昨日できなかったことを今日できた。
それが、勉強を続ける理由です。

スコアより先に、
「できることが増える感覚」を楽しんでほしい。

→ 学習相談はこちら https://the-rep-english.jp

#TOEIC #英語学習 #勉強垢と繋がりたい",2026/06/07,07:00
13,時間活用系,"早起きして英語を勉強した朝は、
一日中気持ちが違います。

「今日も一歩進んだ」という感覚が、
仕事のモチベーションにもなる。

→ 無料相談はこちら https://the-rep-english.jp

#TOEIC #英語学習 #英語好きと繋がりたい",2026/06/08,07:00
14,自己投資系,"英語力は、一度つけたら一生使えるスキルです。

お金や時間を使っても、
「学んだこと」は誰にも奪えない。
今の投資が、未来の自分を変えます。

→ 無料体験レッスンはこちら https://the-rep-english.jp

#TOEIC #英語学習 #資格勉強",2026/06/09,07:00
15,継続系,"「続けること」は、特別な意志力じゃない。
「やめないこと」だけで十分です。

完璧にやる必要はない。
やめなかった人が、最終的に伸びていく。

→ 勉強法の無料相談はこちら https://the-rep-english.jp

#TOEIC #英語学習 #社会人英語",2026/06/10,07:00
16,成長実感系,"半年前の自分と比べたことはありますか？

単語が増えた。
音が聞き取れるようになった。
気づかないうちに、着実に成長しています。

→ 学習相談はこちら https://the-rep-english.jp

#TOEIC #英語学習 #英語勉強中",2026/06/11,07:00
17,メンタル系,"スランプは「成長の直前のサイン」です。

勉強量は変えず、
やることを少し絞ってみてください。
乗り越えた先に、次のステージがある。

→ 無料相談はこちら https://the-rep-english.jp

#TOEIC #英語学習 #勉強垢と繋がりたい",2026/06/12,07:00
18,習慣形成系,"勉強を「やらなきゃ」から
「やりたい」に変えるには、

小さな成功体験を毎日積むこと。
それだけで、英語が好きになります。

→ 無料体験レッスンはこちら https://the-rep-english.jp

#TOEIC #英語学習 #英語好きと繋がりたい",2026/06/13,07:00
19,時間活用系,"「時間がない」を言い訳にしなくなったとき、
勉強のスピードが加速します。

隙間時間は探せばある。
使い方を変えるだけで、月30時間は作れます。

→ 勉強法の無料相談はこちら https://the-rep-english.jp

#TOEIC #英語学習 #資格勉強",2026/06/14,07:00
20,仕事×英語系,"英語ができると、
海外のニュースや論文が直接読めるようになる。

情報の速さと質が変わる。
それが、仕事でのアドバンテージになります。

→ 学習相談はこちら https://the-rep-english.jp

#TOEIC #英語学習 #社会人英語",2026/06/15,07:00
21,継続系,"100日間、毎日英語に触れた人と
100日後も何も変わっていない人。

この差は、才能じゃなく
「続けたかどうか」だけです。

→ 無料相談はこちら https://the-rep-english.jp

#TOEIC #英語学習 #英語勉強中",2026/06/16,07:00
22,メンタル系,"TOEICを受けることを怖がらないでほしい。

点数は現在地を知るツール。
恥ずかしいことは何もない。
知ることが、最速の近道です。

→ 無料体験レッスンはこちら https://the-rep-english.jp

#TOEIC #英語学習 #勉強垢と繋がりたい",2026/06/17,07:00
23,自己投資系,"月1万円の英語学習費を「高い」と感じますか？

転職で年収が50万上がれば、
半年で元が取れます。
英語は最高のコスパの自己投資です。

→ 勉強法の無料相談はこちら https://the-rep-english.jp

#TOEIC #英語学習 #英語好きと繋がりたい",2026/06/18,07:00
24,習慣形成系,"英語の勉強は「量」より「頻度」です。

1週間に7時間やるより、
毎日1時間の方が定着する。
脳は繰り返しに強い。活用しましょう。

→ 学習相談はこちら https://the-rep-english.jp

#TOEIC #英語学習 #資格勉強",2026/06/19,07:00
25,成長実感系,"「また模試を解いたら点が上がっていた」

その瞬間の嬉しさ、
一度味わってほしいです。
地道な積み重ねが、ちゃんと点数に出ます。

→ 無料相談はこちら https://the-rep-english.jp

#TOEIC #英語学習 #社会人英語",2026/06/20,07:00
26,メンタル系,"完璧な勉強計画より、
不完全でも続けられる習慣の方が価値があります。

理想の計画が立てられなくてもいい。
今日できることを今日やるだけ。

→ 無料体験レッスンはこちら https://the-rep-english.jp

#TOEIC #英語学習 #英語勉強中",2026/06/21,07:00
27,時間活用系,"朝の15分の英語学習を3ヶ月続けると、
合計22時間以上になります。

「たった15分」が積み重なると、
大きな差になる。

→ 勉強法の無料相談はこちら https://the-rep-english.jp

#TOEIC #英語学習 #勉強垢と繋がりたい",2026/06/22,07:00
28,継続系,"「もう無理かも」と思ったとき、
一番やめてはいけないタイミングです。

そこで続けた人が、
3ヶ月後に大きく伸びることが多い。

→ 学習相談はこちら https://the-rep-english.jp

#TOEIC #英語学習 #英語好きと繋がりたい",2026/06/23,07:00
29,仕事×英語系,"英語力がある人は、
昇進・転職の際に「候補に残り続ける」強さがある。

決め手にはならなくても、
「選ばれない理由」がなくなる。

→ 無料相談はこちら https://the-rep-english.jp

#TOEIC #英語学習 #資格勉強",2026/06/24,07:00
30,習慣形成系,"英語が苦手な人に共通するのは、
「勉強をイベントにしている」こと。

毎日の小さな習慣にできれば、
苦手意識は自然に薄れます。

→ 無料体験レッスンはこちら https://the-rep-english.jp

#TOEIC #英語学習 #社会人英語",2026/06/25,07:00
31,自己投資系,"「英語を学ぶこと」は、
語学力だけでなく、思考力も鍛えます。

別の言語で物事を考えることで、
視野が広がり、判断力も上がる。

→ 勉強法の無料相談はこちら https://the-rep-english.jp

#TOEIC #英語学習 #英語勉強中",2026/06/26,07:00
32,成長実感系,"英語で「あ、聞き取れた」と感じた瞬間、
勉強が楽しくなります。

最初はゆっくりな音声から。
確実に聞き取れる体験を増やしてください。

→ 学習相談はこちら https://the-rep-english.jp

#TOEIC #英語学習 #勉強垢と繋がりたい",2026/06/27,07:00
33,メンタル系,"「英語の勉強を始めるのに年齢は関係ない」

20代でも30代でも40代でも、
今始めた人が一番若い。
始めない理由を探すより、始めてしまった方が早い。

→ 無料相談はこちら https://the-rep-english.jp

#TOEIC #英語学習 #英語好きと繋がりたい",2026/06/28,07:00
34,継続系,"1日さぼっても、自分を責めないでください。

翌日から再開すれば、
1日の遅れは1週間で取り戻せます。
大切なのは、止まらないことより「戻ること」。

→ 無料体験レッスンはこちら https://the-rep-english.jp

#TOEIC #英語学習 #資格勉強",2026/06/29,07:00
35,時間活用系,"「通勤中に英単語アプリを開く」

この一つの習慣だけで、
月に600〜800語インプットできます。
隙間時間は、小さいようで大きい。

→ 勉強法の無料相談はこちら https://the-rep-english.jp

#TOEIC #英語学習 #社会人英語",2026/06/30,07:00
36,習慣形成系,"英語を「勉強」じゃなく「インプット」と考えると、
気持ちが楽になります。

ポッドキャストを聴く。英語のニュースを読む。
それも立派な英語学習です。

→ 学習相談はこちら https://the-rep-english.jp

#TOEIC #英語学習 #英語勉強中",2026/07/01,07:00
37,仕事×英語系,"「英語ができる」より
「英語で仕事ができる」が目標。

TOEICのスコアはその第一歩。
まず数字として証明できる英語力を身につける。

→ 無料相談はこちら https://the-rep-english.jp

#TOEIC #英語学習 #勉強垢と繋がりたい",2026/07/02,07:00
38,自己投資系,"英語ができる自分を想像してみてください。

選べる仕事が増える。行ける国が増える。
読める情報が増える。
その未来のために、今日の30分を使う。

→ 無料体験レッスンはこちら https://the-rep-english.jp

#TOEIC #英語学習 #英語好きと繋がりたい",2026/07/03,07:00
39,メンタル系,"勉強がうまくいかない日は、
方法が間違っている可能性があります。

努力が足りないのではなく、
方向が違うだけかもしれない。

→ 勉強法の無料相談はこちら https://the-rep-english.jp

#TOEIC #英語学習 #資格勉強",2026/07/04,07:00
40,継続系,"1年間、毎日30分英語を続けた人は、
合計180時間以上の学習量になります。

英語習得には1000時間必要と言われるが、
毎日30分×3年で届く。

→ 学習相談はこちら https://the-rep-english.jp

#TOEIC #英語学習 #社会人英語",2026/07/05,07:00
41,成長実感系,"「TOEICのリスニングが聞き取れるようになった」

この感覚を一度味わったら、
英語の勉強が楽しくなります。
焦らず、確実に積み上げてほしい。

→ 無料相談はこちら https://the-rep-english.jp

#TOEIC #英語学習 #英語勉強中",2026/07/06,07:00
42,習慣形成系,"「英語の勉強が続かない」

それは意志力の問題じゃなく、仕組みの問題です。
いつ・どこで・何をやるかを決めれば、
続けることが楽になる。

→ 無料体験レッスンはこちら https://the-rep-english.jp

#TOEIC #英語学習 #勉強垢と繋がりたい",2026/07/07,07:00
43,時間活用系,"早起き30分で英語を学ぶ生活を始めたら、
3ヶ月後の自分が変わります。

朝の頭は集中しやすい。
夜の疲れた状態より、質が高い学習ができます。

→ 勉強法の無料相談はこちら https://the-rep-english.jp

#TOEIC #英語学習 #英語好きと繋がりたい",2026/07/08,07:00
44,仕事×英語系,"外資系に転職したい。
海外赴任したい。
英語で仕事の幅を広げたい。

その夢への第一歩が、TOEICのスコアアップです。

→ 学習相談はこちら https://the-rep-english.jp

#TOEIC #英語学習 #資格勉強",2026/07/09,07:00
45,自己投資系,"英語力は「消えないスキル」です。

株や不動産は価値が下がることがある。
でも身につけた英語は、一生あなたのもの。
今すぐ始める理由がある。

→ 無料相談はこちら https://the-rep-english.jp

#TOEIC #英語学習 #社会人英語",2026/07/10,07:00
46,メンタル系,"「TOEICで目標スコアに届かなかった」

それは失敗じゃなく、
「次の目標がわかった」成果です。
数字は現在地を教えてくれる最高のフィードバック。

→ 無料体験レッスンはこちら https://the-rep-english.jp

#TOEIC #英語学習 #英語勉強中",2026/07/11,07:00
47,継続系,"今日も英語の勉強をした。
ただそれだけで、

昨日の自分より一歩前進しています。
それを積み重ねた先に、大きな成果があります。

→ 勉強法の無料相談はこちら https://the-rep-english.jp

#TOEIC #英語学習 #勉強垢と繋がりたい",2026/07/12,07:00
48,習慣形成系,"「なんとなく英語の動画を見る」
それだけでもOKです。

完璧な学習じゃなくていい。
英語に触れる時間を毎日作ること、それが全てです。

→ 学習相談はこちら https://the-rep-english.jp

#TOEIC #英語学習 #英語好きと繋がりたい",2026/07/13,07:00
49,成長実感系,"TOEICで50点上がると、
英語への自信が全然変わります。

「あ、自分でもできるんだ」という感覚が、
学習の継続力を何倍にも高めてくれます。

→ 無料相談はこちら https://the-rep-english.jp

#TOEIC #英語学習 #資格勉強",2026/07/14,07:00
50,時間活用系,"「帰宅後にやろう」は危険です。

疲れてしまい、
結局やらずに終わることが多い。
朝か昼の方が、実行率が圧倒的に上がります。

→ 無料体験レッスンはこちら https://the-rep-english.jp

#TOEIC #英語学習 #社会人英語",2026/07/15,07:00
51,仕事×英語系,"英語が話せなくても、
「読める・聞き取れる」だけで仕事の幅が広がる。

まずはリーディングとリスニングを鍛える。
それがTOEICが目指すゴールです。

→ 勉強法の無料相談はこちら https://the-rep-english.jp

#TOEIC #英語学習 #英語勉強中",2026/07/16,07:00
52,自己投資系,"「英語を学ぼう」と思ったそのタイミングが、
始めるベストな時期です。

来月からではなく、今日から。
1日の差が、3ヶ月後に大きな差になります。

→ 学習相談はこちら https://the-rep-english.jp

#TOEIC #英語学習 #勉強垢と繋がりたい",2026/07/17,07:00
53,メンタル系,"英語が苦手だった人が、
TOEIC 700点を超えることは珍しくない。

苦手意識は、正しい方法に出会えていないだけ。
方法を変えれば、結果は変わります。

→ 無料相談はこちら https://the-rep-english.jp

#TOEIC #英語学習 #英語好きと繋がりたい",2026/07/18,07:00
54,継続系,"英語の勉強を100日続けた人が、
同じだけやめた人に勝てない理由はない。

継続は、最も公平な努力の形です。
今日も一歩、積み重ねてほしい。

→ 無料体験レッスンはこちら https://the-rep-english.jp

#TOEIC #英語学習 #資格勉強",2026/07/19,07:00
55,習慣形成系,"英語の勉強を「特別な日の特別な努力」にしない。

月曜も金曜も、調子がいい日も悪い日も、
毎日続けること。それが最速の近道です。

→ 勉強法の無料相談はこちら https://the-rep-english.jp

#TOEIC #英語学習 #社会人英語",2026/07/20,07:00
56,成長実感系,"「前より英語が気にならなくなった」

この感覚に気づいたとき、
あなたは確実に成長しています。
怖かったものが怖くなくなる体験、ぜひ味わってほしい。

→ 学習相談はこちら https://the-rep-english.jp

#TOEIC #英語学習 #英語勉強中",2026/07/21,07:00
57,時間活用系,"英語の勉強に「理想の環境」は要りません。

カフェでも電車の中でも、
5分あれば単語1つ覚えられる。
環境を整えてから始めようは、始まらない理由です。

→ 無料相談はこちら https://the-rep-english.jp

#TOEIC #英語学習 #勉強垢と繋がりたい",2026/07/22,07:00
58,仕事×英語系,"TOEICのスコアが書ける履歴書は、
書けない履歴書より目に止まりやすい。

スコアがなければ書けないが、
あれば必ず書けるチャンスになる。

→ 無料体験レッスンはこちら https://the-rep-english.jp

#TOEIC #英語学習 #英語好きと繋がりたい",2026/07/23,07:00
59,自己投資系,"1年後の自分に何かプレゼントできるとしたら、
「英語力」が一番コスパがいいと思います。

使えるスキルで、一生役立つ。
今の自分からの贈り物です。

→ 勉強法の無料相談はこちら https://the-rep-english.jp

#TOEIC #英語学習 #資格勉強",2026/07/24,07:00
60,メンタル系,"英語を学ぶのは、
テストのためだけじゃない。

自分の世界を広げるため。
今日の学習が、未来の自分の可能性を増やしています。

→ 学習相談はこちら https://the-rep-english.jp

#TOEIC #英語学習 #社会人英語",2026/07/25,07:00
