No,カテゴリ,投稿文,フィードバック
1,解法系,"Part5の品詞問題、まだ訳して解いてますか？

訳す必要はゼロ。空欄の前後の品詞を見るだけで正解が選べます。

この解法に切り替えるだけで1問5秒。試験全体で5分以上の時間が生まれます。

保存して次の模試で試してください。
→ 無料体験のご相談はこちら https://the-rep-english.jp
#TOEIC #TOEIC対策 #英語学習",
2,解法系,"Part7で時間切れになる人の9割が、最初から本文を読んでいます。

正解は「設問を先に読む」こと。何を探すか決めてから本文を読むと、必要な情報だけに目が止まります。

1セット30秒短縮できれば、Part7全体で5分以上の余裕が生まれます。

→ スコアアップの相談はこちら https://the-rep-english.jp
#TOEIC #TOEIC対策 #英語学習",
3,解法系,"Part2のWH疑問文、選択肢を全部聞いてから選んでいませんか？

WH疑問文は「何を聞かれているか」を聞いた瞬間に答えの型が決まります。Whoなら人名、Whenなら時間・日付、Whereなら場所。

冒頭の1語で絞り込む癖をつけると正答率が一気に上がります。

→ リスニング対策の無料相談 https://the-rep-english.jp
#TOEIC #TOEIC対策 #英語学習",
4,解法系,"Part3・4の先読み、30秒でできていますか？

設問を事前に読んでおくと「何のための会話か」がわかった状態で音声を聞けます。先読みなしで聞くのは、答え合わせのために聞くようなもの。

Part3・4のセット開始前に設問を3行読む。これだけで正答率が変わります。

→ 先読みのコツを無料相談 https://the-rep-english.jp
#TOEIC #TOEIC対策 #英語学習",
5,解法系,"Part1の消去法、使ってますか？

4つの選択肢のうち2つは「明らかに違う」ものが必ず含まれています。全員が写真に写っているか、動作が合っているかで素早く消す。

2択まで絞れたら正解率は50%以上。これだけでPart1の得点が安定します。

→ 無料体験レッスンはこちら https://the-rep-english.jp
#TOEIC #TOEIC対策 #英語学習",
6,解法系,"Part6の空欄、文脈で解くか文法で解くか迷っていませんか？

選択肢が4語以上の文章なら文脈問題、1語や句なら文法問題です。判断基準を持つだけで解くスピードが変わります。

迷った時間がそのままタイムロスになります。判断を即断する練習を積んでください。

→ スコアアップ相談 https://the-rep-english.jp
#TOEIC #TOEIC対策 #英語学習",
7,解法系,"Part5の前置詞問題、全部暗記しようとしていませんか？

TOEICに出る前置詞のパターンは20個以下です。「時間はat/on/in」「移動はto/for」など、よく出るセットで覚えると試験中に迷わなくなります。

闇雲に全部覚えようとするより、頻出パターンに絞ること。

→ 効率的な学習法を無料相談 https://the-rep-english.jp
#TOEIC #TOEIC対策 #英語学習",
8,解法系,"Part7のNOT問題、全選択肢を確認していませんか？

NOT問題は「書いていないことを探す」問題です。本文と照合しながら消去法で解くのが基本ですが、正解の選択肢は「本文中に存在しない情報」。

他の設問を先に解いて本文の理解を深めてから戻ると効率が上がります。

→ 無料相談はこちら https://the-rep-english.jp
#TOEIC #TOEIC対策 #英語学習",
9,解法系,"Part5の動詞問題、時制を確認せずに選んでいませんか？

動詞の形を問う問題は「時制」「態（能動・受動）」「数の一致」の3点だけ確認すれば解けます。文全体を訳す必要はゼロ。

この3点チェックを5秒以内で完了させる練習が、スコアアップへの最短ルートです。

→ 無料体験レッスン https://the-rep-english.jp
#TOEIC #TOEIC対策 #英語学習",
10,解法系,"Part4のアナウンス問題、冒頭10秒で内容が予測できます。

「Thank you for calling〜」なら電話対応、「Welcome to〜」なら施設案内、「Attention please」なら館内放送。冒頭のフレーズで場面を即特定する。

設問を先読みした上でこの予測ができると、聞くべき情報が絞られます。

→ リスニング対策相談 https://the-rep-english.jp
#TOEIC #TOEIC対策 #英語学習",
11,解法系,"Part5の代名詞問題、文全体を読んでいませんか？

代名詞（it/they/their/them）は、空欄の前後の名詞と数・格が一致するかだけを確認すれば解けます。

1問10秒かかっているなら、それは読みすぎています。前後3語を見るだけで判断できます。

→ 効率的な解き方を無料相談 https://the-rep-english.jp
#TOEIC #TOEIC対策 #英語学習",
12,解法系,"Part6の接続詞問題、意味で選んでいませんか？

However・Therefore・In addition・Insteadなど、接続詞は前後の文の「関係性」で選びます。逆接・順接・追加・代替、4パターンを即識別できるようにするだけで正解率が上がります。

意味より「関係性」で判断すると速くなります。

→ スコアアップ相談 https://the-rep-english.jp
#TOEIC #TOEIC対策 #英語学習",
13,解法系,"Part2の間接応答、正解が「YES/NO」じゃない問題に対応できていますか？

「〜してもいいですか？」に「I'll check my schedule.」と答えるのがTOEICの間接応答です。正解は直接的な返答とは限らない。

この感覚を持てていない人は、正解が聞こえても消してしまいます。消去法で2択まで絞るのが鉄則。

→ 無料体験レッスン https://the-rep-english.jp
#TOEIC #TOEIC対策 #英語学習",
14,解法系,"Part3・4の図表問題、図を先読みできていますか？

図表付き問題は「図に書かれていない情報が音声に出る」という構造です。図で確認できることは設問に出ません。図を30秒で読み、音声で補完される情報だけに集中してください。

図を見ながら聞く癖がつくと正答率が一気に安定します。

→ 対策の無料相談 https://the-rep-english.jp
#TOEIC #TOEIC対策 #英語学習",
15,解法系,"Part7の同義語問題、辞書的な意味で選んでいませんか？

TOEICの同義語問題は文脈が命です。「interest」は「利子」にも「興味」にもなる。本文中でどの意味で使われているかを確認してから選ばないと、知っている単語でも間違えます。

前後の文脈を必ず確認する癖をつけてください。

→ 語彙対策の相談はこちら https://the-rep-english.jp
#TOEIC #TOEIC対策 #英語学習",
16,スコアアップ系,"TOEIC単語、毎日100個覚えようとしていませんか？

1日100個より1日20個を5回繰り返す方が記憶に定着します。エビングハウスの忘却曲線を無視した学習は、覚えては忘れるを繰り返すだけです。

量より繰り返し回数。これを変えるだけでスコアが動き始めます。

→ 効率的な学習法を無料相談 https://the-rep-english.jp
#TOEIC #TOEIC対策 #英語学習",
17,スコアアップ系,"シャドーイング、ただ声に出して読んでいませんか？

意味を理解せずに音だけ追うシャドーイングは、ほぼ効果がありません。まずスクリプトを読んで内容を理解し、次に音声を聞いて音を確認してから、初めて声に出す。

この3ステップを守らないと、発音の練習にしかなりません。

→ 正しい勉強法を無料相談 https://the-rep-english.jp
#TOEIC #TOEIC対策 #英語学習",
18,スコアアップ系,"模試を解くだけで満足していませんか？

模試は解いた後の復習が9割です。間違えた問題を「なぜ間違えたか」まで分析しないと、同じミスを繰り返します。

正解した問題も「たまたま正解」なら要注意。根拠を言語化できない正解はノーカウントです。

→ 復習の正しいやり方を無料相談 https://the-rep-english.jp
#TOEIC #TOEIC対策 #英語学習",
19,スコアアップ系,"TOEICと英会話、同じ勉強だと思っていませんか？

TOEICはビジネス場面の「読む・聞く」に特化した試験です。スピーキングもライティングも不要。英会話スクールで磨くスキルとは別物です。

TOEICのスコアを上げたいなら、TOEICに出る形式だけを集中して対策することが最短ルートです。

→ TOEIC専門の無料相談 https://the-rep-english.jp
#TOEIC #TOEIC対策 #英語学習",
20,スコアアップ系,"スコアが伸び悩んでいる人の共通点は「弱点を把握していない」ことです。

Part別の正答率を出したことはありますか？どのPartで何点落としているかを数字で把握していない限り、対策は全部ギャンブルです。

まず現状を数字で把握する。それが最初のステップです。

→ 弱点分析の無料相談 https://the-rep-english.jp
#TOEIC #TOEIC対策 #英語学習",
21,スコアアップ系,"正答率80%で安心していませんか？

TOEICは990点満点の試験。正答率80%は600〜650点台に相当します。700点超えには正答率90%以上が必要です。

「だいたい合ってる」は通用しない試験。1問の重みを意識して解く練習が必要です。

→ スコアアップの戦略を無料相談 https://the-rep-english.jp
#TOEIC #TOEIC対策 #英語学習",
22,スコアアップ系,"500点台から600点台に上がらない人は、リスニングを放置しています。

TOEICはリスニング495点・リーディング495点の合計990点。リーディングだけ勉強してもスコアの上限が決まります。

500点台の壁を突破するには、リスニングで50点以上積み上げることが最速ルートです。

→ リスニング強化の無料相談 https://the-rep-english.jp
#TOEIC #TOEIC対策 #英語学習",
23,スコアアップ系,"600点台から700点台に上がらない人は、Part7の速度が足りていません。

700点超えにはPart7を時間内に全問解き切ることが必要条件です。1問1分ペースで解けない場合、まずそこを鍛えることが先決。

スキャニング（必要な情報だけ探す読み方）を練習してください。

→ 速読対策の無料相談 https://the-rep-english.jp
#TOEIC #TOEIC対策 #英語学習",
24,スコアアップ系,"700点台から800点台に上がらない人は、「なんとなく正解」から抜けられていません。

800点台は根拠のある正解が求められるレベルです。選んだ理由を30字で説明できない選択肢は、たまたま当たっているだけです。

解法を言語化する練習が、このレベルの突破に必要なことです。

→ 上級者向けの無料相談 https://the-rep-english.jp
#TOEIC #TOEIC対策 #英語学習",
25,スコアアップ系,"1日の勉強時間が30分以下でTOEICスコアを上げようとしていませんか？

500点台→700点台を3ヶ月で達成する人の平均学習時間は1日1〜1.5時間です。30分では伸びるのに時間がかかります。

質と量、どちらも必要。ただし質を高めることで量の効果は2〜3倍になります。

→ 学習設計の無料相談 https://the-rep-english.jp
#TOEIC #TOEIC対策 #英語学習",
26,スコアアップ系,"間違えた問題、解説を読んで終わっていませんか？

解説を読んで「なるほど」で終わるのは理解ではありません。同じ問題を3日後に解いて正解できて初めて「定着」です。

間違えた問題は日付を書いておき、3日後・7日後に再挑戦する仕組みを作ってください。

→ 復習の仕組みを無料相談 https://the-rep-english.jp
#TOEIC #TOEIC対策 #英語学習",
27,スコアアップ系,"語彙力と読解力、どちらを先に鍛えるべきか。

答えは語彙力です。知らない単語があると読解は止まります。TOEICに出る単語の80%は頻出2000語に集中しています。

まずその2000語を完成させる。それだけで読むスピードが別次元になります。

→ 語彙強化の無料相談 https://the-rep-english.jp
#TOEIC #TOEIC対策 #英語学習",
28,時間管理系,"TOEICのリーディング、最後まで解き切れていますか？

リーディング75分でPart5・6・7を全問解くには、Part5は20分以内に終わらせることが必須です。Part5に25分かけると、Part7が詰む。

Part5の目標は1問30秒。これを意識するだけで時間配分が変わります。

→ 時間配分の対策を無料相談 https://the-rep-english.jp
#TOEIC #TOEIC対策 #英語学習",
29,時間管理系,"Part7、どこから解くか決めていますか？

1文書問題→2文書問題→3文書問題の順に解くのが基本です。後半ほど難しくなるため、易しいものから確実に得点を積み上げる。

「最後まで解き切る」ためには、序盤で時間を使いすぎないことが鉄則です。

→ Part7攻略の無料相談 https://the-rep-english.jp
#TOEIC #TOEIC対策 #英語学習",
30,時間管理系,"解けない問題に時間をかけていませんか？

TOEICで1問に2分以上かけるのはコスト過多です。わからない問題は10秒で適当にマークして次へ進む。

確実に解ける問題を落とさないことが最優先。難問への執着がスコアを下げる最大の原因です。

→ 時間管理の戦略を無料相談 https://the-rep-english.jp
#TOEIC #TOEIC対策 #英語学習",
31,時間管理系,"マークシートを後でまとめて塗っていませんか？

まとめてマークする方法は時間切れのリスクが高い。リスニングは音声と同時進行のため、ズレると全滅します。

1問ごとに即マークする癖をつけてください。マークに1秒もかかりません。

→ 本番対策の無料相談 https://the-rep-english.jp
#TOEIC #TOEIC対策 #英語学習",
32,時間管理系,"リスニングが終わった直後、何をしていますか？

リスニング終了後はPart5の設問が目の前にある状態です。指示の読み上げ中に解き始めてはいけないルールはありません。

その1〜2分を使ってPart5の最初の5問に目を通す。これだけでリーディングの出だしが安定します。

→ 試験の戦略を無料相談 https://the-rep-english.jp
#TOEIC #TOEIC対策 #英語学習",
33,時間管理系,"試験中に時計を見ていますか？

時間管理は感覚でやるものではありません。Part5終了時・Part6終了時に残り時間をチェックする「チェックポイント」を決めておく。

Part5終了時点で残り55分以上あれば合格圏内の時間配分です。

→ 時間配分の戦略を無料相談 https://the-rep-english.jp
#TOEIC #TOEIC対策 #英語学習",
34,時間管理系,"試験前日、詰め込み勉強をしていませんか？

前日の詰め込みは当日のパフォーマンスを下げます。脳の情報処理は睡眠中に行われるため、前日は軽い復習と早めの就寝が正解。

試験当日の実力は前日ではなく前週までの学習で決まります。

→ 本番対策の無料相談 https://the-rep-english.jp
#TOEIC #TOEIC対策 #英語学習",
35,時間管理系,"試験開始直後の最初の5分、どう使っていますか？

Part1の指示は全員が知っています。その説明中にPart3・4の設問を先読みしておくと、リスニング全体が有利になります。

ルール違反ではありません。知っている人が得をする試験です。

→ 試験戦略の無料相談 https://the-rep-english.jp
#TOEIC #TOEIC対策 #英語学習",
36,教材選び系,"公式問題集、1冊を何周しましたか？

新しい問題集を次々買う人ほど伸びません。公式問題集1冊を3周すれば、出題パターンの8割は網羅できます。

「解いた」ではなく「なぜ正解か・なぜ不正解かを説明できる」レベルにして初めて1周と数えてください。

→ 正しい使い方を無料相談 https://the-rep-english.jp
#TOEIC #TOEIC対策 #英語学習",
37,教材選び系,"単語帳、どれを使っていますか？

TOEICの単語対策は「金のフレーズ（金フレ）」1冊で十分です。収録語数・TOEIC頻出度・例文の質、どの観点でも最高水準。

複数冊に手を出すより、1冊を完璧にする方がスコアに直結します。

→ 単語学習の相談はこちら https://the-rep-english.jp
#TOEIC #TOEIC対策 #英語学習",
38,教材選び系,"問題集を選ぶとき、何を基準にしていますか？

TOEICの問題集は「ETS公式」か「TEX加藤・濱崎潤之輔など超頻出著者」以外は質にばらつきがあります。

本番の出題傾向と乖離した問題集をやり込んでも、スコアに反映されません。まず公式問題集から始めてください。

→ 教材選びの相談 https://the-rep-english.jp
#TOEIC #TOEIC対策 #英語学習",
39,教材選び系,"アプリだけでTOEICの勉強をしていませんか？

スタディサプリTOEICは動画解説が充実していて初学者に最適です。ただし本番は紙の試験。マークシートに慣れるため、紙の問題集も必ず並行して使ってください。

アプリは補助、紙は本番対策、という使い分けが正解です。

→ 学習設計の無料相談 https://the-rep-english.jp
#TOEIC #TOEIC対策 #英語学習",
40,教材選び系,"参考書を5冊以上持っていませんか？

参考書が増えるほどスコアが下がる人がいます。選んだことで勉強した気になるからです。

必要な参考書は「単語帳1冊・問題集2冊（公式+苦手Part対策）」の計3冊で十分。それ以外は捨てていい。

→ 教材の絞り込み相談 https://the-rep-english.jp
#TOEIC #TOEIC対策 #英語学習",
41,教材選び系,"リスニング教材、ネイティブスピードのものを使っていますか？

TOEICのリスニングは実際のビジネス場面を想定しており、話速は速め。スロー音声の教材に慣れると本番で対応できなくなります。

最初から標準速度の音源で練習することが、本番対応力につながります。

→ リスニング教材の相談 https://the-rep-english.jp
#TOEIC #TOEIC対策 #英語学習",
42,教材選び系,"過去問と予想問題集、どちらを優先すべきか。

答えは「公式過去問が最優先」です。予想問題集は出題傾向を推測したもので、本番との差が出ることがあります。

公式問題集を完璧にしてから予想問題集で補強するのが正しい順序です。

→ 学習順序の無料相談 https://the-rep-english.jp
#TOEIC #TOEIC対策 #英語学習",
43,教材選び系,"TOEICのリスニング、何で練習していますか？

YouTubeの英語コンテンツは話題・語彙・アクセントがTOEICとズレています。TOEIC対策にはTOEIC形式の音源を使うことが原則です。

やればやるほど本番に近づく素材を選んでください。

→ 教材選びの無料相談 https://the-rep-english.jp
#TOEIC #TOEIC対策 #英語学習",
44,メンタル系,"試験当日の朝、何時に起きていますか？

試験開始2時間前に起床して軽食を取ることが推奨されています。脳がフル稼働するまでに約2時間かかるからです。

ギリギリまで寝ていると、試験開始直後の集中力が30%以上落ちます。

→ 本番対策の無料相談 https://the-rep-english.jp
#TOEIC #TOEIC対策 #英語学習",
45,メンタル系,"試験本番で緊張してしまう人へ。

緊張は「準備不足を体が知らせているサイン」です。逆に言えば、十分な準備をした人は緊張しにくい。

試験前日に「自分がやってきたこと」を箇条書きにしてみてください。それが当日の自信になります。

→ 本番メンタル対策の無料相談 https://the-rep-english.jp
#TOEIC #TOEIC対策 #英語学習",
46,メンタル系,"試験中に集中力が切れたことはありますか？

TOEICは2時間の試験。後半になるほど集中力が落ちるのは当然です。対策は「Part間の小休憩」。次のPartが始まる前の10秒間、目を閉じて深呼吸する。

これだけで後半の得点が安定します。

→ 試験攻略の無料相談 https://the-rep-english.jp
#TOEIC #TOEIC対策 #英語学習",
47,メンタル系,"スコアが伸びずにスランプを感じていませんか？

スランプは「次のレベルに上がる直前のサイン」であることが多いです。勉強量は変えず、やることを絞ることが突破口になります。

弱点1箇所だけに1週間集中する。それだけでスランプが終わることがあります。

→ スランプ脱出の無料相談 https://the-rep-english.jp
#TOEIC #TOEIC対策 #英語学習",
48,メンタル系,"TOEICの勉強、続かなくなっていませんか？

モチベーションに頼る勉強は3日で終わります。大切なのは「やる気がなくてもできる仕組み」を作ること。

毎朝通勤中に単語アプリを開くだけでいい。それだけを1ヶ月続ければ600語覚えられます。

→ 継続できる学習設計の無料相談 https://the-rep-english.jp
#TOEIC #TOEIC対策 #英語学習",
49,メンタル系,"試験で思ったよりスコアが出なかった時、どうしていますか？

1回の結果で諦めてはいけません。TOEICのスコアは受験回数と正の相関があります。つまり受け続けることが、最も確実なスコアアップ方法です。

失敗した回は「データ収集」と割り切って次に活かしてください。

→ 次の受験対策を無料相談 https://the-rep-english.jp
#TOEIC #TOEIC対策 #英語学習",
50,メンタル系,"勉強のやる気が出ない日、どうしていますか？

やる気は「始めてから出るもの」です。やる気を待っていたら永遠に始まりません。

まず問題集を1問だけ解く。1問終わったら次に進みたくなる。これが作業興奮という脳の仕組みです。

→ 継続のコツを無料相談 https://the-rep-english.jp
#TOEIC #TOEIC対策 #英語学習",
51,サクセスストーリー系,"社会人3年目・英語歴ゼロから始めて、3ヶ月でTOEIC 500点→730点。

変えたのは勉強の順番だけです。単語→リスニング→Part5・6→Part7の順に、弱いものから積み上げた。

仕事後の1時間と土日2時間。それだけで230点上がりました。

→ あなたのロードマップを無料相談 https://the-rep-english.jp
#TOEIC #TOEIC対策 #英語学習",
52,サクセスストーリー系,"毎朝15分の通勤時間だけで、半年でTOEIC +180点。

やったのは単語アプリと公式問題集のPart5だけ。まとまった勉強時間が取れなくても、毎日続けることで結果は出ます。

「時間がない」は言い訳にならないことが証明された半年間でした。

→ 時間がない方の学習法を無料相談 https://the-rep-english.jp
#TOEIC #TOEIC対策 #英語学習",
53,サクセスストーリー系,"残業続きの営業職・週5日勤務で、6ヶ月でTOEIC 800点突破。

仕事が忙しいほど「学習の質」にこだわるようになりました。30分で何点分の練習ができるかを常に考えながら勉強した結果です。

時間がない人ほど、効率を突き詰めると強くなります。

→ 効率的な学習法を無料相談 https://the-rep-english.jp
#TOEIC #TOEIC対策 #英語学習",
54,サクセスストーリー系,"独学で2年間伸び悩んだ後、正しい勉強法に変えて4ヶ月でTOEIC 600→840点。

変えたのは「模試を解く量」から「解いた問題の分析の深さ」へのシフトです。解く量を減らして、復習の質を上げただけでした。

2年間の停滞が4ヶ月で動いた経験談です。

→ 正しい学習法を無料相談 https://the-rep-english.jp
#TOEIC #TOEIC対策 #英語学習",
55,サクセスストーリー系,"「英語は苦手」と思っていた文系出身の私が、1年でTOEIC 450→720点。

英語が得意かどうかは関係ありません。TOEICは試験対策の技術があれば点が取れる試験です。

正しい方法で正しい量やれば、必ず結果が出ます。

→ 最初の一歩を無料相談 https://the-rep-english.jp
#TOEIC #TOEIC対策 #英語学習",
56,比較系,"精読 vs 速読、TOEICに必要なのはどちらか。

結論：速読です。TOEICは時間との戦い。全文を丁寧に読む精読スタイルではPart7が終わりません。

ただし基礎的な文法力がない段階では精読で基礎を固めることが先決。500点台までは精読、600点台からは速読に切り替えるのが最短ルートです。

→ レベル別の学習法を無料相談 https://the-rep-english.jp
#TOEIC #TOEIC対策 #英語学習",
57,比較系,"毎日少しずつ vs 週末まとめて、どちらが効果的か。

結論：毎日少しずつが圧倒的に有利です。記憶は繰り返しの頻度で定着するため、週1回3時間より毎日30分の方が覚えられます。

週末まとめ型は「やった感」はあるが記憶の定着率が低い。習慣化の観点でも毎日型が優れています。

→ 学習習慣の設計を無料相談 https://the-rep-english.jp
#TOEIC #TOEIC対策 #英語学習",
58,比較系,"紙の参考書 vs アプリ、どちらを使うべきか。

結論：目的で使い分けです。単語暗記・リスニング練習はアプリが向いています。問題演習・本番感覚の練習は紙が必須です。

TOEICは紙の試験なので、本番形式に慣れるための紙学習は省略できません。アプリはあくまで補助ツールとして使ってください。

→ 学習環境の整え方を無料相談 https://the-rep-english.jp
#TOEIC #TOEIC対策 #英語学習",
59,比較系,"独学 vs スクール、どちらが早くスコアが上がるか。

結論：正しい方法で独学できる人は独学の方が速い。ただし「正しい方法」を知っている人は少ない。

スクールのメリットは「正しい方法をすぐに教えてもらえること」。遠回りをなくすための投資として考えると、費用対効果は高いです。

→ 無料体験で学習法を確認 https://the-rep-english.jp
#TOEIC #TOEIC対策 #英語学習",
60,比較系,"シャドーイング vs ディクテーション、リスニングに効果的なのはどちらか。

結論：目的で使い分けです。聞き取れない音を特定したいならディクテーション。リズム・速度に慣れたいならシャドーイング。

初心者はディクテーションで弱点を見つけてから、シャドーイングで定着させる順番が効果的です。

→ リスニング対策の無料相談 https://the-rep-english.jp
#TOEIC #TOEIC対策 #英語学習",
